Putt ID,Date,Practice,Course,Hole,Putt #,Distance to Hole,Down/Up,Left/Right,Distance Left,Miss Side,Is High,Total Putts,Head Up,Good Speed Read,Good Line Read,Good Speed Execution,Good Line Execution
1,10/16/2025,0,Robert A. Black Golf Course,1,1,8,1,2,0,0,0,1,1,1,1,1,1
2,10/16/2025,0,Robert A. Black Golf Course,2,1,26,1,-2,3,0,0,2,1,0,1,1,1
3,10/16/2025,0,Robert A. Black Golf Course,2,2,3,0,-0.5,0,0,0,1,1,1,1,1,1
4,10/16/2025,0,Robert A. Black Golf Course,3,1,16,1,-2,0.5,-1,1,2,1,1,0,1,1
5,10/16/2025,0,Robert A. Black Golf Course,3,2,0.5,0,0,0,0,1,1,1,1,1,1,1
6,10/16/2025,0,Robert A. Black Golf Course,4,1,66,-2,3,11,0,0,3,1,1,1,0,1
7,10/16/2025,0,Robert A. Black Golf Course,4,2,11,-1,2,2,1,1,2,1,1,1,1,0
8,10/16/2025,0,Robert A. Black Golf Course,4,3,2,0,0,0,0,1,1,1,1,1,1,1
9,10/16/2025,0,Robert A. Black Golf Course,5,1,15,2,3,3,-1,0,2,1,0,1,0,0
10,10/16/2025,0,Robert A. Black Golf Course,5,2,3,0,0,0,0,1,1,1,1,1,1,1
11,10/16/2025,0,Robert A. Black Golf Course,6,1,5,1,-1,2,-0.5,1,2,1,1,1,0,1
12,10/16/2025,0,Robert A. Black Golf Course,6,2,2,0,0,0,0,1,1,1,1,1,1,1
13,10/16/2025,0,Robert A. Black Golf Course,7,1,17,1,-1,1,-1,1,2,1,1,0,1,1
14,10/16/2025,0,Robert A. Black Golf Course,7,2,1,0,0,0,0,1,1,1,1,1,1,1
15,10/16/2025,0,Robert A. Black Golf Course,8,1,43,-3,1,10,-1.5,0,3,1,0,1,0,1
16,10/16/2025,0,Robert A. Black Golf Course,8,2,10,-3,-1,2,-1,1,2,1,0,1,0,1
17,10/16/2025,0,Robert A. Black Golf Course,8,3,2,0,0,0,0,1,1,1,1,1,1,1
18,10/16/2025,0,Robert A. Black Golf Course,9,1,8,-1,-1,2,-1,1,2,1,1,0,1,1
19,10/16/2025,0,Robert A. Black Golf Course,9,2,2,0,0,0,0,1,1,1,1,1,1,1
20,10/24/2025,0,Sydney Marovitz Golf Course,1,1,6,-1,-1,0,0,0,1,1,1,1,1,1
21,10/24/2025,0,Sydney Marovitz Golf Course,2,1,35,0,-1,2,0.5,0,2,1,1,0,0,0
22,10/24/2025,0,Sydney Marovitz Golf Course,2,2,2,0,0,0,0,1,1,1,1,1,1,1
23,10/24/2025,0,Sydney Marovitz Golf Course,3,1,16,2,2,3,-1,0,2,1,1,0,0,0
24,10/24/2025,0,Sydney Marovitz Golf Course,3,2,2,-1,0,0,0,1,1,1,1,1,1,1
25,10/24/2025,0,Sydney Marovitz Golf Course,4,1,15,-1,2,6,1,1,2,1,1,1,0,1
26,10/24/2025,0,Sydney Marovitz Golf Course,4,2,6,-1,0,0,0,1,1,1,1,1,1,1
27,10/24/2025,0,Sydney Marovitz Golf Course,5,1,2,-2,0,0,0,1,1,1,1,1,1,1
28,10/24/2025,0,Sydney Marovitz Golf Course,6,1,5,-1,2,1,0,0,2,1,1,0,0,1
29,10/24/2025,0,Sydney Marovitz Golf Course,6,2,1,0,0,0,0,1,1,1,1,1,1,1
30,10/24/2025,0,Sydney Marovitz Golf Course,7,1,84,3,-4,25,-1,1,3,1,0,0,0,1
31,10/24/2025,0,Sydney Marovitz Golf Course,7,2*,25,,,1,0,1,2,1,1,1,1,1
32,10/24/2025,0,Sydney Marovitz Golf Course,7,3,1,0,0,0,0,1,1,1,1,1,1,1
33,10/24/2025,0,Sydney Marovitz Golf Course,8,1,10,0,2,1,-1,0,2,1,1,1,0,1
34,10/24/2025,0,Sydney Marovitz Golf Course,8,2,1,0,0,0,0,1,1,1,1,1,1,1
35,10/24/2025,0,Sydney Marovitz Golf Course,9,1,8,1,1,1,-1,0,2,1,0,0,0,1
36,10/24/2025,0,Sydney Marovitz Golf Course,9,2,1,0,0,0,0,1,1,1,1,1,1,1
37,11/15/2025,0,Jackson Park Golf Course,1,1,18,-3,-3,2,0,0,2,1,0,1,,1
38,11/15/2025,0,Jackson Park Golf Course,1,2,2,0,0,0,0,1,1,1,1,1,1,1
39,11/15/2025,0,Jackson Park Golf Course,2,1,22,-2,-2,2,-1,1,2,1,1,0,1,1
40,11/15/2025,0,Jackson Park Golf Course,2,2,2,0,0,0,0,1,1,1,1,1,1,1
41,11/15/2025,0,Jackson Park Golf Course,3,1,6,1,-1,2,-1,1,2,1,1,0,1,1
42,11/15/2025,0,Jackson Park Golf Course,3,2,2,0,0,0,0,1,1,1,1,1,1,1
43,11/15/2025,0,Jackson Park Golf Course,4,1,1,0,0,0,0,1,1,1,1,1,1,1
44,11/15/2025,0,Jackson Park Golf Course,5,1,39,-2,-3,4,-1,1,3,1,1,1,0,1
45,11/15/2025,0,Jackson Park Golf Course,5,2,4,,,1,,1,2,1,,,,
46,11/15/2025,0,Jackson Park Golf Course,5,3,1,0,0,0,0,1,1,1,1,1,1,1
47,11/15/2025,0,Jackson Park Golf Course,6,1,45,2,3,5,,0,3,1,1,0,1,0
48,11/15/2025,0,Jackson Park Golf Course,6,2,5,-1,-1,1,-1,1,2,1,1,0,1,1
49,11/15/2025,0,Jackson Park Golf Course,6,3,1,0,0,0,0,1,1,1,1,1,1,1
50,11/15/2025,0,Jackson Park Golf Course,7,1,4,-1,-1,0,0,0,1,1,1,1,1,1
51,11/15/2025,0,Jackson Park Golf Course,8,1,15,-1,1,0,0,0,1,1,1,1,1,1
52,11/15/2025,0,Jackson Park Golf Course,9,1,15,1,-1,2,-2,1,2,1,1,0,1,1
53,11/15/2025,0,Jackson Park Golf Course,9,2,2,0,0,0,0,1,1,1,1,1,1,1
54,11/15/2025,0,Jackson Park Golf Course,10,1,6,1,-1,0,0,0,1,1,1,1,1,1
55,11/15/2025,0,Jackson Park Golf Course,11,1,30,-2,3,1,0,0,2,1,1,1,1,1
56,11/15/2025,0,Jackson Park Golf Course,11,2,1,0,0,0,0,1,1,1,1,1,1,1
57,11/15/2025,0,Jackson Park Golf Course,12,1,3,0,-1,1,-1,1,2,1,1,1,1,0
58,11/15/2025,0,Jackson Park Golf Course,12,2,1,0,0,0,0,1,1,1,1,1,1,1
59,11/15/2025,0,Jackson Park Golf Course,13,1,5,1,-1,1,1,0,2,1,1,0,1,0
60,11/15/2025,0,Jackson Park Golf Course,13,2,1,0,0,0,0,1,1,1,1,1,1,1
61,11/15/2025,0,Jackson Park Golf Course,14,1,7,0,-1,0,0,0,1,1,1,1,1,1
62,11/15/2025,0,Jackson Park Golf Course,15,1,2,0,0,0,0,1,1,1,1,1,1,1
63,11/15/2025,0,Jackson Park Golf Course,16,1,6,1,1,1,1,1,2,1,1,0,1,1
64,11/15/2025,0,Jackson Park Golf Course,16,2,1,0,0,0,0,1,1,1,1,1,1,1
65,11/15/2025,0,Jackson Park Golf Course,17,1,25,2,3,2,0,0,2,1,1,0,0,0
66,11/15/2025,0,Jackson Park Golf Course,17,2,2,0,0,0,0,1,1,1,1,1,1,1
67,11/15/2025,0,Jackson Park Golf Course,18,1,18,-1,-3,1,-1,1,2,1,1,1,1,1
68,11/15/2025,0,Jackson Park Golf Course,18,2,1,0,0,0,0,1,1,1,1,1,1,1
69,04/30/2026,0,Robert A. Black Golf Course,1,1,36,1,3,8,-0.5,0,3,1,0,1,0,0
70,04/30/2026,0,Robert A. Black Golf Course,1,2,8,-1,1,1,0.5,1,2,1,1,0,1,1
71,04/30/2026,0,Robert A. Black Golf Course,1,3,1,0,0,0,0,1,1,1,1,1,1,1
72,04/30/2026,0,Robert A. Black Golf Course,2,1,7,1,0.5,0.5,0,0,2,1,1,1,0,1
73,04/30/2026,0,Robert A. Black Golf Course,2,2,0.5,0,0,0,0,1,1,1,1,1,1,1
74,04/30/2026,0,Robert A. Black Golf Course,3,1,75,3,0,21,-2,0,3,1,0,0,0,0
75,04/30/2026,0,Robert A. Black Golf Course,3,2,21,-2,2,2,-1,0,2,1,1,0,0,1
76,04/30/2026,0,Robert A. Black Golf Course,3,3,2,0,0,0,0,1,1,1,1,1,1,1
77,04/30/2026,0,Robert A. Black Golf Course,4,1,2,0.5,0,0,0,1,1,1,1,1,1,1
78,04/30/2026,0,Robert A. Black Golf Course,5,1,12,0,2,1,-1,0,2,1,1,0,0,1
79,04/30/2026,0,Robert A. Black Golf Course,5,2,1,0,0,0,0,1,1,1,1,1,1,1
80,04/30/2026,0,Robert A. Black Golf Course,6,1,17,-2,2,1,0,0,2,1,0,1,0,1
81,04/30/2026,0,Robert A. Black Golf Course,6,2,1,0,0,0,0,1,1,1,1,1,1,1
82,04/30/2026,0,Robert A. Black Golf Course,7,1,11,-1,-2,2,-1,1,2,1,1,1,0,1
83,04/30/2026,0,Robert A. Black Golf Course,7,2,2,0,0,0,0,1,1,1,1,1,1,1
84,04/30/2026,0,Robert A. Black Golf Course,8,1,35,-1,2,8,1,1,3,1,0,0,0,0
85,04/30/2026,0,Robert A. Black Golf Course,8,8,8,0,-1,1,-0.5,1,2,1,1,1,1,1
86,04/30/2026,0,Robert A. Black Golf Course,8,1,0,0,0,0,0,1,1,1,1,1,1,1
87,04/30/2026,0,Robert A. Black Golf Course,9,1,7,-3,-3,1,0.5,0,2,1,1,0,1,1
88,04/30/2026,0,Robert A. Black Golf Course,9,2,1,0,0,0,0,1,1,1,1,1,1,1
89,5/1/2026,0,Robert A. Black Golf Course,1,1,17,-2,-3,3,0.5,0,3,0,0,0,0,1
90,5/1/2026,0,Robert A. Black Golf Course,1,2,3,-1,-1,1,0.5,0,2,0,1,1,1,0
91,5/1/2026,0,Robert A. Black Golf Course,1,3,1,1,1,0,0,0,1,0,1,1,1,1
92,5/1/2026,0,Robert A. Black Golf Course,2,1,2,0,0,0,0,1,1,0,1,1,1,1
93,5/1/2026,0,Robert A. Black Golf Course,3,1,2,0,0,0,0,1,1,0,1,1,1,1
94,5/1/2026,0,Robert A. Black Golf Course,4,1,17,-1,3.5,1,0.5,1,2,0,0,1,0,0
95,5/1/2026,0,Robert A. Black Golf Course,4,2,1,0,0,0,0,1,1,0,1,1,1,1
96,5/1/2026,0,Robert A. Black Golf Course,5,1,13,1,-3,1.5,0,0,2,0,0,1,0,1
97,5/1/2026,0,Robert A. Black Golf Course,5,2,1.5,0,0,0,0,1,1,0,1,1,1,1
98,5/1/2026,0,Robert A. Black Golf Course,6,1,2,0,0,0,0,1,,0,1,1,1,1
99,5/1/2026,0,Robert A. Black Golf Course,7,1,12,1,-1.5,2,0.5,0,2,0,0,0,0,0
100,5/1/2026,0,Robert A. Black Golf Course,7,2,2,0.5,-0.5,0,0,0,1,0,1,1,1,1
101,5/1/2026,0,Robert A. Black Golf Course,8,1,6,0,0.5,1,-0.5,0,2,1,1,0,0,0
102,5/1/2026,0,Robert A. Black Golf Course,8,2,1,0,0,0,0,1,1,0,1,1,1,1
103,5/1/2026,0,Robert A. Black Golf Course,9,1,40,-2,-2.5,3.5,0,0,2,0,1,1,0,1
104,5/1/2026,0,Robert A. Black Golf Course,9,2,3.5,-0.5,-1,0,0,0,1,0,1,1,1,1
105,5/10/2026,0,Sydney Marovitz Golf Course,1,1,14,-1,-1,1,-1,1,2,0,1,0,0,1
106,5/10/2026,0,Sydney Marovitz Golf Course,1,2,1,0,0,0,0,1,1,0,1,1,1,1
107,5/10/2026,0,Sydney Marovitz Golf Course,2,1,5,0.5,0.5,0,0,0,1,0,1,1,1,1
108,5/10/2026,0,Sydney Marovitz Golf Course,3,1,38,-1,-1,4,-0.5,1,3,0,1,1,0,1
109,5/10/2026,0,Sydney Marovitz Golf Course,3,2,4,-0.5,-0.5,2,-0.5,1,2,0,1,0,1,1
110,5/10/2026,0,Sydney Marovitz Golf Course,3,3,2,0,0,0,0,1,1,0,1,1,1,1
111,5/10/2026,0,Sydney Marovitz Golf Course,4,1,27,-3,-4,2,0.5,0,3,0,1,0,1,1
112,5/10/2026,0,Sydney Marovitz Golf Course,4,2,2,-1,-1,2,0.5,0,2,0,1,0,1,0
113,5/10/2026,0,Sydney Marovitz Golf Course,4,3,2,0.5,0.5,0,0,0,1,0,1,1,1,1
114,5/10/2026,0,Sydney Marovitz Golf Course,5,1,21,-3,3.5,3,1.5,1,2,0,1,0,1,1
115,5/10/2026,0,Sydney Marovitz Golf Course,5,2,3,0,-0.5,0,0,0,1,0,1,1,1,1
116,5/10/2026,0,Sydney Marovitz Golf Course,6,1,8,0.5,-1.5,1,1,0,2,0,1,0,0,0
117,5/10/2026,0,Sydney Marovitz Golf Course,6,2,1,0,0,0,0,1,1,0,1,1,1,1
118,5/10/2026,0,Sydney Marovitz Golf Course,7,1,44,-3,-3,1.5,-0.5,1,2,0,1,1,1,1
119,5/10/2026,0,Sydney Marovitz Golf Course,7,2,1.5,-0.5,0,0,0,1,1,0,1,1,1,1
120,5/10/2026,0,Sydney Marovitz Golf Course,8,1,12,-1.5,-2,0.5,-0.5,1,2,0,1,1,1,1
121,5/10/2026,0,Sydney Marovitz Golf Course,8,2,0.5,0,0,0,0,1,1,0,1,1,1,1
122,5/10/2026,0,Sydney Marovitz Golf Course,9,1,18,0.5,1.5,1,0.5,1,2,0,1,1,1,1
123,5/10/2026,0,Sydney Marovitz Golf Course,9,2,1,0,0,0,0,1,1,0,1,1,1,1
124,5/14/2026,0,Robert A. Black Golf Course,1,1,15,-2,2,4,-0.5,0,2,0,1,0,0,1
125,5/14/2026,0,Robert A. Black Golf Course,1,2,4,-0.5,-0.5,0,0,0,1,0,1,1,1,1
126,5/14/2026,0,Robert A. Black Golf Course,2,1,3,0,0,0,0,1,1,0,1,1,1,1
127,5/14/2026,0,Robert A. Black Golf Course,3,1,9,-1,1,2,1,1,2,0,1,0,1,1
128,5/14/2026,0,Robert A. Black Golf Course,3,2,2,0,0,0,0,1,1,0,1,1,1,1
129,5/14/2026,0,Robert A. Black Golf Course,4,1,12,2,-1.5,1,-0.5,1,2,0,0,0,1,1
130,5/14/2026,0,Robert A. Black Golf Course,4,2,1,0,0,0,0,1,1,0,1,1,1,1
131,5/14/2026,0,Robert A. Black Golf Course,5,1,12,-1,1.5,1,1,1,2,0,0,0,0,1
132,5/14/2026,0,Robert A. Black Golf Course,5,2,1,0,0,0,0,1,1,0,1,1,1,1
133,5/14/2026,0,Robert A. Black Golf Course,6,1,5,1,0.5,1,-0.5,0,2,0,1,0,0,0
134,5/14/2026,0,Robert A. Black Golf Course,6,2,1,0,0,0,0,1,1,0,1,1,1,1
135,5/14/2026,0,Robert A. Black Golf Course,7,1,33,-1,-3,5,-1,1,3,0,0,1,0,1
136,5/14/2026,0,Robert A. Black Golf Course,7,2,5,1,0.5,2,0.5,1,2,0,1,0,1,1
137,5/14/2026,0,Robert A. Black Golf Course,7,3,2,0.5,-0.5,0,0,0,1,0,1,1,1,1
138,5/14/2026,0,Robert A. Black Golf Course,8,1,24,1.5,2,1,0,0,2,0,1,0,1,1
139,5/14/2026,0,Robert A. Black Golf Course,8,2,1,0,0.5,0,0,0,1,0,1,1,1,1
140,5/14/2026,0,Robert A. Black Golf Course,9,1,1,-0.5,-0.5,0,0,0,1,0,1,1,1,1
141,5/21/2026,0,Robert A. Black Golf Course,1,1,3.5,0,0,0,0,1,1,0,1,1,1,1
142,5/21/2026,0,Robert A. Black Golf Course,2,1,0.5,0,0,0,0,1,1,0,1,1,1,1
143,5/21/2026,0,Robert A. Black Golf Course,3,1,70,3,3,23,-1,0,4,0,0,0,0,1
144,5/21/2026,0,Robert A. Black Golf Course,3,2,23,1.5,2,5,-1,0,3,0,0,0,0,1
145,5/21/2026,0,Robert A. Black Golf Course,3,3,5,-0.5,0.5,1,-0.5,0,2,0,1,0,1,0
146,5/21/2026,0,Robert A. Black Golf Course,3,4,1,0,0,0,0,1,1,0,1,1,1,1
147,5/21/2026,0,Robert A. Black Golf Course,4,1,25,-1,-1,3,1,0,2,0,1,0,1,1
148,5/21/2026,0,Robert A. Black Golf Course,4,2,3,0.5,0,0,0,1,1,0,1,1,1,1
149,5/21/2026,0,Robert A. Black Golf Course,5,1,40,-3,4,14,-1,0,3,0,0,0,0,0
150,5/21/2026,0,Robert A. Black Golf Course,5,2,14,-1,5,8,-0.5,0,2,0,1,1,1,1
151,5/21/2026,0,Robert A. Black Golf Course,5,3,8,2,0,0,0,1,1,0,1,1,1,1
152,5/21/2026,0,Robert A. Black Golf Course,6,1,15,-3,-3,2,1,0,2,0,1,0,1,0
153,5/21/2026,0,Robert A. Black Golf Course,6,2,2,0,0,0,0,1,1,0,1,1,1,1
154,5/21/2026,0,Robert A. Black Golf Course,7,1,12,-2,1.5,4,1.5,1,2,0,0,0,1,1
155,5/21/2026,0,Robert A. Black Golf Course,7,2,4,0.5,0,0,0,1,1,0,1,1,1,1
156,5/21/2026,0,Robert A. Black Golf Course,8,1,3,0.5,0,0,0,1,1,0,1,1,1,1
157,5/21/2026,0,Robert A. Black Golf Course,9,1,33,1,1,5,1.5,1,3,0,1,0,1,0
158,5/21/2026,0,Robert A. Black Golf Course,9,2,5,1,1.5,2,0.5,1,2,0,1,0,1,1
159,5/21/2026,0,Robert A. Black Golf Course,9,3,2,0,-0.5,0,0,0,1,0,1,1,1,1
160,5/28/2026,0,Robert A. Black Golf Course,1,1,1,0,0,0,0,1,1,0,1,1,1,1
161,5/28/2026,0,Robert A. Black Golf Course,2,1,1.5,-0.5,0.5,0,0,0,1,0,1,1,1,1
162,5/28/2026,0,Robert A. Black Golf Course,3,1,12,-1,1,7,0.5,1,3,0,0,0,0,1
163,5/28/2026,0,Robert A. Black Golf Course,3,2,7,1,-0.5,0.5,0.5,0,2,0,1,1,0,0
164,5/28/2026,0,Robert A. Black Golf Course,3,3,0.5,0,0,0,0,1,1,0,1,1,1,1
165,5/28/2026,0,Robert A. Black Golf Course,4,1,30,-2,0,0,0,1,1,0,1,1,1,1
166,5/28/2026,0,Robert A. Black Golf Course,5,1,12,-3,-3,1,-0.5,1,2,0,1,1,1,1
167,5/28/2026,0,Robert A. Black Golf Course,5,2,1,0,0,0,0,1,1,0,1,1,1,1
168,5/28/2026,0,Robert A. Black Golf Course,6,1,4,0.5,0.5,2,-0.5,0,2,0,1,1,1,0
169,5/28/2026,0,Robert A. Black Golf Course,6,2,2,0,0,0,0,1,1,0,1,1,1,1
170,5/28/2026,0,Robert A. Black Golf Course,7,1,7,1,3,0,0,0,1,0,1,1,1,1
171,5/28/2026,0,Robert A. Black Golf Course,8,1,21,-0.5,2.5,0.5,0,0,2,0,1,1,1,1
172,5/28/2026,0,Robert A. Black Golf Course,8,2,0.5,0,0,0,0,1,1,0,1,1,1,1
173,5/28/2026,0,Robert A. Black Golf Course,9,1,9,1,2,0.5,0.5,1,2,0,1,1,1,1
174,5/28/2026,0,Robert A. Black Golf Course,9,2,0.5,0,0,0,0,1,1,0,1,1,1,1
175,5/30/2026,0,Glenview Park Golf Club,1,1,30,-3,-1,5,-1,1,2,0,0,0,0,1
176,5/30/2026,0,Glenview Park Golf Club,1,2,5,0.5,0.5,0,0,0,1,0,1,1,1,1
177,5/30/2026,0,Glenview Park Golf Club,2,1,22,-1.5,-2,2,-1,1,2,0,1,0,1,1
178,5/30/2026,0,Glenview Park Golf Club,2,2,2,0,0,0,0,1,1,0,1,1,1,1
179,5/30/2026,0,Glenview Park Golf Club,3,1,12,1,1,2.5,0,0,2,0,1,1,0,1
180,5/30/2026,0,Glenview Park Golf Club,3,2,2.5,0,0,0,0,1,1,0,1,1,1,1
181,5/30/2026,0,Glenview Park Golf Club,4,1,12,-3,-3,2,-1,1,2,0,1,0,1,1
182,5/30/2026,0,Glenview Park Golf Club,4,2,2,0.5,0.5,0,0,0,1,0,1,1,1,1
183,5/30/2026,0,Glenview Park Golf Club,5,1,30,-1,1,0,0,0,1,0,1,1,1,1
184,5/30/2026,0,Glenview Park Golf Club,6,1,2,0,0.5,1,0.5,1,2,0,1,1,1,0
185,5/30/2026,0,Glenview Park Golf Club,6,2,1,0,0,0,0,1,1,0,1,1,1,1
186,5/30/2026,0,Glenview Park Golf Club,7,1,40,-2,-2,6,-0.5,1,2,0,0,1,0,1
187,5/30/2026,0,Glenview Park Golf Club,7,2,6,-1,-0.5,0,0,0,1,0,1,1,1,1
188,5/30/2026,0,Glenview Park Golf Club,8,1,1.5,0,0,0,0,1,1,0,1,1,1,1
189,5/30/2026,0,Glenview Park Golf Club,9,1,13,-1.5,-2.5,1,0.5,0,2,0,1,0,1,1
190,5/30/2026,0,Glenview Park Golf Club,9,2,1,0,0,0,0,1,1,0,1,1,1,1
191,5/30/2026,0,Glenview Park Golf Club,12,1,47,1,1,4,1.5,1,1,0,1,0,1,0
192,5/30/2026,0,Glenview Park Golf Club,12,2,4,0,0.5,0,0,0,2,0,1,1,1,1
193,5/30/2026,0,Glenview Park Golf Club,13,1,2.5,-0.5,0.5,0,0,0,1,0,1,1,1,1
194,5/30/2026,0,Glenview Park Golf Club,14,1,11,-1,1.5,0,0,0,1,0,1,1,1,1
195,5/30/2026,0,Glenview Park Golf Club,15,1,11,-1,1,2,0,0,2,0,0,1,0,1
196,5/30/2026,0,Glenview Park Golf Club,15,2,2,0,0,0,0,1,1,0,1,1,1,1
197,5/30/2026,0,Glenview Park Golf Club,16,1,42,-2,2,6,1,1,2,0,0,0,0,1
198,5/30/2026,0,Glenview Park Golf Club,16,2,6,-1,0.5,0,0,0,1,0,1,1,1,1
199,5/30/2026,0,Glenview Park Golf Club,17,1,8,0.5,1,2,1,1,2,0,1,0,1,1
200,5/30/2026,0,Glenview Park Golf Club,17,2,2,0,0,0,0,1,1,0,1,1,1,1
201,5/30/2026,0,Glenview Park Golf Club,18,1,23,1,1.5,1.5,1,1,2,0,1,1,1,1
202,5/30/2026,0,Glenview Park Golf Club,18,2,1.5,-0.5,0,0,0,1,1,0,1,1,1,1
203,5/31/2026,0,Sydney Marovitz Golf Course,1,1,57,-3,-5,7,-2,1,3,0,1,0,1,1
204,5/31/2026,0,Sydney Marovitz Golf Course,1,2,7,-0.5,-0.5,1,-0.5,1,2,0,1,0,1,1
205,5/31/2026,0,Sydney Marovitz Golf Course,1,3,1,0,0,0,0,1,1,0,1,1,1,1
206,5/31/2026,0,Sydney Marovitz Golf Course,2,1,27,2,2,2,-1,0,2,0,0,0,1,1
207,5/31/2026,0,Sydney Marovitz Golf Course,2,2,2,0,0,0,0,1,1,0,1,1,1,1
208,5/31/2026,0,Sydney Marovitz Golf Course,3,1,22,-1,-1,2.5,-0.5,1,2,0,1,0,1,1
209,5/31/2026,0,Sydney Marovitz Golf Course,3,2,2.5,0,0.5,0,0,0,1,0,1,1,1,1
210,5/31/2026,0,Sydney Marovitz Golf Course,4,1,30,1,-1,4,0,0,3,0,0,0,0,1
211,5/31/2026,0,Sydney Marovitz Golf Course,4,2,4,0,0,1,0.5,0,2,0,1,0,1,1
212,5/31/2026,0,Sydney Marovitz Golf Course,4,3,1,0,0,0,0,1,1,0,1,1,1,1
213,5/31/2026,0,Sydney Marovitz Golf Course,5,1,30,0,-2,5,-0.5,1,3,0,1,1,0,1
214,5/31/2026,0,Sydney Marovitz Golf Course,5,2,5,-1.5,-2,1,0,0,2,0,1,1,1,1
215,5/31/2026,0,Sydney Marovitz Golf Course,5,3,1,0,0,0,0,1,1,0,1,1,1,1
216,5/31/2026,0,Sydney Marovitz Golf Course,6,1,67,4,-2,13,1,0,3,0,0,0,0,1
217,5/31/2026,0,Sydney Marovitz Golf Course,6,2,13,1,-1,1,0,0,2,0,1,0,0,1
218,5/31/2026,0,Sydney Marovitz Golf Course,6,3,1,0,0,0,0,1,1,0,1,1,1,1
219,5/31/2026,0,Sydney Marovitz Golf Course,7,1,8,0.5,1,1,0,0,2,0,1,1,0,1
220,5/31/2026,0,Sydney Marovitz Golf Course,7,2,1,0,0,0,0,1,1,0,1,1,1,1
221,5/31/2026,0,Sydney Marovitz Golf Course,8,1,57,-2,1,7,0,0,3,0,0,1,0,1
222,5/31/2026,0,Sydney Marovitz Golf Course,8,2,7,-1,0,2,0.5,0,2,0,1,0,1,0
223,5/31/2026,0,Sydney Marovitz Golf Course,8,3,2,0,0,0,0,1,1,0,1,1,1,1
224,5/31/2026,0,Sydney Marovitz Golf Course,9,1,22,0.5,1.5,3,1,1,2,0,1,0,0,1
225,5/31/2026,0,Sydney Marovitz Golf Course,9,2,3,-0.5,0,0,0,1,1,0,1,1,1,1
226,,,,,,,,,,,,,,,,,
227,,,,,,,,,,,,,,,,,
228,,,,,,,,,,,,,,,,,
229,,,,,,,,,,,,,,,,,
230,,,,,,,,,,,,,,,,,
231,,,,,,,,,,,,,,,,,
232,,,,,,,,,,,,,,,,,
233,,,,,,,,,,,,,,,,,
234,,,,,,,,,,,,,,,,,
235,,,,,,,,,,,,,,,,,
236,,,,,,,,,,,,,,,,,
237,,,,,,,,,,,,,,,,,
238,,,,,,,,,,,,,,,,,
239,,,,,,,,,,,,,,,,,
240,,,,,,,,,,,,,,,,,
241,,,,,,,,,,,,,,,,,
242,,,,,,,,,,,,,,,,,
243,,,,,,,,,,,,,,,,,
244,,,,,,,,,,,,,,,,,
245,,,,,,,,,,,,,,,,,
246,,,,,,,,,,,,,,,,,
247,,,,,,,,,,,,,,,,,
248,,,,,,,,,,,,,,,,,
249,,,,,,,,,,,,,,,,,
250,,,,,,,,,,,,,,,,,